AAPL,COST,GOOG,SP500,BAR,DBP,GLD,UGL
0.025256461868334978,0.011485484240584053,0.013967042099634942,0.02080910090086704,0.3759625585003366,0.36270455673322455,0.03664631025440975,0.153168485402608
