,JNJ,HD,INTC,AMD
0,0.3265190385891099,0.31727166306641097,0.24059485104316566,0.11561444730131341
