,MU,NVDA,TSM
0,0.13858772574726555,0.45151571004093416,0.40989656421180043
