AXP,AMGN,AAPL,BA,CAT,CSCO,CVX,GS,HD,HON,IBM,INTC,JNJ,KO,JPM,MCD,MMM,MRK,MSFT,NKE,PG,TRV,UNH,CRM,VZ,V,WBA,WMT,DIS,AGG,SPY,VTI,VTV,VOE,VBR,VEA,VWO,IEMG,VTIP,AGG.1,MUB,BNDX,EMB,JPST,GBIL,SHV,OIL,OILK,BNO,COG,BTC,ADA,ETH,UNI,GLD,BAR,UGL,DBP,ZI,ZG
0.030528273447312897,0.0015072278516451217,0.02900048819305194,0.019284344008916147,0.03234836525475797,0.028397543826678185,0.022043136906149376,0.007357166177659104,0.02840924224629189,0.013560794049409724,0.028155970408855972,0.005471749881764459,0.028565285303039107,0.007216328793397871,0.0105346702614144,0.0001195529473907616,0.030237436166832037,0.03134524636238809,0.017121631516611654,0.03343879509752587,0.02295588246342966,0.02724447346084983,0.0195656076751363,0.023774320568885347,0.006439733634503601,0.031518096083990706,0.03251182303620546,0.005391719848334386,0.004617299962028895,0.011984654338399688,0.0007779101954524698,0.024896632289928163,0.020523685020479684,0.01691034274446955,0.00426329737974215,0.00548290070144915,0.0023283716435215152,0.008971876388418058,0.02531004031100419,0.005146277908296208,0.023451976748611447,0.031170286410663602,0.011684178759440481,0.016498958572925035,0.00032703899291632184,0.013758719825520856,0.002270616523788727,0.01829914945460916,0.019803027046354085,0.01586653352102865,0.006849209362643818,0.03256814095854967,0.006255999708551314,0.000525237615606144,0.007974994971663905,0.02118534135589992,0.007797371779011525,0.021914050944542816,0.03326364285294155,0.0032773302391133903
