,JNJ,HD,INTC,AMD
0,0.33042431710934206,0.33792896490706326,0.3283952713431879,0.003251446640406643
