,MU,NVDA,TSM
0,0.011577258466270175,0.5654040866674522,0.4230186548662777
