,MU,NVDA,TSM
0,0.02495651540867376,0.5873904881447694,0.38765299644655693
